-- Insertar datos en CLIENTE
INSERT INTO CLIENTE (nif, nombre, apellidos, fnac, email, falta, contAcceso, tipoMembresia) VALUES
('12345678Y', 'Salomon', 'Leonidas', '1998-12-12', 'anonimo@gmail.com', '2024-10-09', 0, 'Gold'),
('28388487Z', 'Alejandro', 'Magno', '1588-02-05', 'elmismisimo@gmail.com', '2024-01-02', 0, 'Gold'),
('38848484P', 'Franco', 'Franquisimo', '1939-11-0', 'franco@gmail.com', '2024-02-28', 0, 'Silver'),
('29392934Y', 'Sofia', 'Panadera', '1945-03-12', 'quecosote@gmail.com', '2023-11-19', 0, 'Bronze'),
('12345677Y', 'Victor', 'Sullivan', '1982-04-13', 'saquenotro@gmail.com', '2024-10-09', 0, 'Gold'),
('28282773S', 'Natan', 'Drake', '1993-02-10', 'omgadabro@gmail.com', '2024-06-01', 0, 'Gold'),
('21938483O', 'Leon', 'Kennedy', '1995-02-09', 'queguapo@gmail.com', '2023-01-21', 0, 'Bronze'),
('48959433Y', 'Estan', 'Lin', '1982-01-16', 'muajaja@gmail.com', '2024-03-23', 0, 'Silver'),
('29293834K', 'Elver', 'Dulero', '1983-02-22', 'muyduro@gmail.com', '2023-05-12', 0, 'Silver'),
('37273663N', 'Van', 'Dolera', '1991-01-01', 'vandolera@gmail.com', '2024-08-19', 0, 'Gold');
('39847595X', 'Marina', 'Rodríguez', '1987-08-25', 'marinarod@gmail.com', '2024-09-15', 0, 'Gold'),
('28937484P', 'Martín', 'Pérez', '1990-05-17', 'martinperez@gmail.com', '2024-07-03', 0, 'Silver'),
('38475943L', 'Carla', 'Gómez', '1983-12-04', 'carlagomez@gmail.com', '2023-11-12', 0, 'Bronze'),
('48575938K', 'Javier', 'Sánchez', '1975-03-08', 'javisanchez@gmail.com', '2024-04-28', 0, 'Gold'),
('27485932M', 'Elena', 'Martínez', '1988-09-30', 'elenamartinez@gmail.com', '2023-08-14', 0, 'Silver'),
('38475092N', 'Adrián', 'López', '1995-02-19', 'adrianlopez@gmail.com', '2024-01-30', 0, 'Gold'),
('39485739Y', 'Laura', 'Fernández', '1980-06-11', 'laurafernandez@gmail.com', '2023-04-22', 0, 'Silver'),
('29485738Z', 'Diego', 'Ruiz', '1992-11-23', 'diegoruiz@gmail.com', '2023-10-05', 0, 'Bronze'),
('39485738X', 'Carmen', 'Alonso', '1973-07-01', 'carmenalonso@gmail.com', '2024-05-09', 0, 'Gold'),
('38594857J', 'Mario', 'Hernández', '1986-04-14', 'mariohernandez@gmail.com', '2023-12-18', 0, 'Silver'),
('38475938S', 'Sonia', 'Jiménez', '1998-01-03', 'soniajimenez@gmail.com', '2024-02-14', 0, 'Bronze'),
('48594857D', 'Luis', 'Castro', '1984-10-27', 'luiscastro@gmail.com', '2024-06-07', 0, 'Gold'),
('39485738F', 'Paula', 'Soto', '1993-03-15', 'paulasoto@gmail.com', '2023-09-09', 0, 'Silver'),
('39485738G', 'Marcos', 'Ortega', '1981-12-20', 'marcosortega@gmail.com', '2024-03-11', 0, 'Bronze'),
('48594857H', 'Sara', 'Navarro', '1977-05-09', 'saranavarro@gmail.com', '2024-07-25', 0, 'Gold'),
('29485738W', 'Alejandro', 'Molina', '1996-08-02', 'alejandromolina@gmail.com', '2023-06-28', 0, 'Silver'),
('38475938U', 'Ana', 'Ruiz', '1989-02-08', 'anaruiz@gmail.com', '2024-08-02', 0, 'Bronze'),
('48594857I', 'Sergio', 'García', '1987-11-14', 'sergiogarcia@gmail.com', '2024-09-19', 0, 'Gold'),
('39485738R', 'Patricia', 'Moreno', '1982-06-30', 'patriciamoreno@gmail.com', '2023-07-17', 0, 'Silver'),
('48594857L', 'Raúl', 'Herrera', '1980-03-05', 'raulherrera@gmail.com', '2024-10-22', 0, 'Bronze');

-- Insertar datos en MEMBRESIA
INSERT INTO MEMBRESIA (tipo, precio) VALUES 
('Bronze', 20.00), 
('Gold', 40.00), 
('Silver', 60.00);

-- Insertar datos en GIMNASIO
INSERT INTO GIMNASIO (codigo, nombre) VALUES
(1, 'Gimnasio Centro Madrid'),
(2, 'Gimnasio Norte Albacete'),
(3, 'Gimnasio Sur Elche'),
(4, 'Gimnasio Este Almeria'),
(5, 'Gimnasio Oeste Castellon'),
(6, 'Gimnasio Premium Valencia'),
(7, 'Gimnasio Plus Toledo'),
(8, 'Gimnasio Max Barcelona'),
(9, 'Gimnasio Familia Alicante'),
(10, 'Gimnasio Urbano Los Palmerales');

-- Insertar datos en ACCESO
INSERT INTO ACCESO (fEntrada, fSalida, nifCliente, codGimnasio) VALUES
('2023-12-01', '2023-12-01', '28388487Z', '1'),
('2023-11-30', '2023-11-30', '21938483O', '2'),
('2023-11-29', '2023-11-29', '38848484P', '3'),
('2023-11-28', '2023-11-28', '12345677Y', '4'),
('2023-11-27', '2023-11-27', '29392934Y', '5'),
('2023-11-26', '2023-11-26', '37273663N', '6'),
('2023-11-25', '2023-11-25', '29293834K', '7'),
('2023-11-24', '2023-11-24', '12345678Y', '8'),
('2023-11-23', '2023-11-23', '48959433Y', '9'),
('2023-11-22', '2023-11-22', '28282773S', '10');
('2023-11-21', '2023-11-21', '39847595X', '1'),
('2023-11-20', '2023-11-20', '28937484P', '2'),
('2023-11-19', '2023-11-19', '38475943L', '3'),
('2023-11-18', '2023-11-18', '48575938K', '4'),
('2023-11-17', '2023-11-17', '27485932M', '5'),
('2023-11-16', '2023-11-16', '38475092N', '6'),
('2023-11-15', '2023-11-15', '39485739Y', '7'),
('2023-11-14', '2023-11-14', '29485738Z', '8'),
('2023-11-13', '2023-11-13', '39485738X', '9'),
('2023-11-12', '2023-11-12', '38594857J', '10'),
('2023-11-11', '2023-11-11', '38475938S', '1'),
('2023-11-10', '2023-11-10', '48594857D', '2'),
('2023-11-09', '2023-11-09', '39485738F', '3'),
('2023-11-08', '2023-11-08', '39485738G', '4'),
('2023-11-07', '2023-11-07', '48594857H', '5'),
('2023-11-06', '2023-11-06', '29485738W', '6'),
('2023-11-05', '2023-11-05', '38475938U', '7'),
('2023-11-04', '2023-11-04', '48594857I', '8'),
('2023-11-03', '2023-11-03', '39485738R', '9'),
('2023-11-02', '2023-11-02', '48594857L', '10');

-- Insertar datos en SALA
INSERT INTO SALA (plazas, horario, nifCliente, codGimnasio) VALUES
(20, '2023-12-01', '28388487Z', '1'),
(15, '2023-12-01', '21938483O', '2'),
(18, '2023-12-01', '38848484P', '3'),
(10, '2023-12-01', '12345677Y', '4'),
(22, '2023-12-01', '29392934Y', '5'),
(19, '2023-12-01', '37273663N', '6'),
(24, '2023-12-01', '29293834K', '7'),
(20, '2023-12-01', '12345678Y', '8'),
(23, '2023-12-01', '48959433Y', '9'),
(21, '2023-12-01', '28282773S', '10');
(18, '2023-12-01', '39847595X', '1'),
(22, '2023-12-01', '28937484P', '2'),
(16, '2023-12-01', '38475943L', '3'),
(24, '2023-12-01', '48575938K', '4'),
(14, '2023-12-01', '27485932M', '5'),
(19, '2023-12-01', '38475092N', '6'),
(17, '2023-12-01', '39485739Y', '7'),
(21, '2023-12-01', '29485738Z', '8'),
(23, '2023-12-01', '39485738X', '9'),
(20, '2023-12-01', '38594857J', '10'),
(15, '2023-12-01', '38475938S', '1'),
(18, '2023-12-01', '48594857D', '2'),
(22, '2023-12-01', '39485738F', '3'),
(24, '2023-12-01', '39485738G', '4'),
(20, '2023-12-01', '48594857H', '5'),
(19, '2023-12-01', '29485738W', '6'),
(17, '2023-12-01', '38475938U', '7'),
(23, '2023-12-01', '48594857I', '8'),
(21, '2023-12-01', '39485738R', '9'),
(16, '2023-12-01', '48594857L', '10');

-- Insertar datos en CLASES
INSERT INTO CLASES (idClases) VALUES
(1), (2), (3), (4), (5), (6), (7), (8), (9), (10);

-- Insertar datos en MUSCULACION
INSERT INTO MUSCULACION (idMusculacion) VALUES
(1), (2), (3), (4), (5), (6), (7), (8), (9), (10);

-- Insertar datos en RESERVA
INSERT INTO RESERVA (fecha, nifCliente, idSala) VALUES
('2023-12-01', '28388487Z', 1),
('2023-12-01', '21938483O', 2),
('2023-12-01', '38848484P', 3),
('2023-12-01', '12345677Y', 4),
('2023-12-01', '29392934Y', 5),
('2023-12-01', '37273663N', 6),
('2023-12-01', '29293834K', 7),
('2023-12-01', '12345678Y', 8),
('2023-12-01', '48959433Y', 9),
('2023-12-01', '28282773S', 10);
('2023-12-01', '39847595X', 1),
('2023-12-01', '28937484P', 2),
('2023-12-01', '38475943L', 3),
('2023-12-01', '48575938K', 4),
('2023-12-01', '27485932M', 5),
('2023-12-01', '38475092N', 6),
('2023-12-01', '39485739Y', 7),
('2023-12-01', '29485738Z', 8),
('2023-12-01', '39485738X', 9),
('2023-12-01', '38594857J', 10),
('2023-12-01', '38475938S', 1),
('2023-12-01', '48594857D', 2),
('2023-12-01', '39485738F', 3),
('2023-12-01', '39485738G', 4),
('2023-12-01', '48594857H', 5),
('2023-12-01', '29485738W', 6),
('2023-12-01', '38475938U', 7),
('2023-12-01', '48594857I', 8),
('2023-12-01', '39485738R', 9),
('2023-12-01', '48594857L', 10);

-- Insertar datos en TRABAJADOR
INSERT INTO TRABAJADOR (nif, nombre, apellidos, fnac, email) VALUES
('12345678X', 'Tomas', 'Lopez', '1980-01-10', 'tom@gmail.com'),
('87654321Y', 'Sandra', 'Rodriguez', '1990-02-20', 'sand@gmail.com'),
('13579246Z', 'David', 'Fernandez', '1985-03-15', 'davidfer@gmail.com'),
('24681357W', 'Lucia', 'Morales', '1995-04-25', 'luciamorales@gmail.com'),
('34567891V', 'Pablo', 'Ramos', '1975-05-30', 'pabramos@gmail.com'),
('98765432U', 'Marta', 'Nieto', '1988-06-05', 'marnieto@gmail.com'),
('19283746T', 'Sergio', 'Jimenez', '1992-07-10', 'sergio.jimenez@gmail.com'),
('12378945S', 'Raquel', 'Vega', '2000-08-15', 'raquelvega@gmail.com'),
('45632178R', 'Isabel', 'Lopez', '1998-09-20', 'isalopez@gmail.com'),
('78912365Q', 'Victor', 'Diaz', '1993-10-25', 'victodiaz@gmail.com');

-- Insertar datos en MONITOR
INSERT INTO MONITOR (nifMonitor) VALUES
('12345678X'), ('87654321Y'), ('13579246Z'), ('24681357W'), ('34567891V');

-- Insertar datos en SUPERVISOR
INSERT INTO SUPERVISOR (nifSupervisor) VALUES
('98765432U'), ('19283746T'), ('12378945S'), ('45632178R'), ('78912365Q');

-- Insertar datos en SUPERVISAR
INSERT INTO SUPERVISAR (fecha, turno, nifSupervisor, idMusculacion)
VALUES
('2023-12-01', 'MAÑANA', '19283746T', 1),
('2023-12-01', 'TARDE', '12378945S', 2),
('2023-12-02', 'MAÑANA', '45632178R', 3);
('2023-12-02', 'TARDE', '78912365Q', 4),
('2023-12-03', 'MAÑANA', '98765432U', 5),
('2023-12-03', 'TARDE', '19283746T', 6),
('2023-12-04', 'MAÑANA', '12378945S', 7),
('2023-12-04', 'TARDE', '45632178R', 8),
('2023-12-05', 'MAÑANA', '78912365Q', 9),
('2023-12-05', 'TARDE', '98765432U', 10),
('2023-12-06', 'MAÑANA', '19283746T', 1),
('2023-12-06', 'TARDE', '12378945S', 2),
('2023-12-07', 'MAÑANA', '45632178R', 3),
('2023-12-07', 'TARDE', '78912365Q', 4),
('2023-12-08', 'MAÑANA', '98765432U', 5),
('2023-12-08', 'TARDE', '19283746T', 6),
('2023-12-09', 'MAÑANA', '12378945S', 7),
('2023-12-09', 'TARDE', '45632178R', 8),
('2023-12-10', 'MAÑANA', '78912365Q', 9),
('2023-12-10', 'TARDE', '98765432U', 10);

-- Insertar datos en DIRIGIR
INSERT INTO DIRIGIR (fecha, turno, nifMonitor, idClase)
VALUES
('2023-12-01', 'MAÑANA', '12345678X', 1),
('2023-12-01', 'TARDE', '24681357W', 2),
('2023-12-02', 'MAÑANA', '87654321Y', 3);
('2023-12-02', 'TARDE', '13579246Z', 4),
('2023-12-03', 'MAÑANA', '34567891V', 5),
('2023-12-03', 'TARDE', '12345678X', 6),
('2023-12-04', 'MAÑANA', '87654321Y', 7),
('2023-12-04', 'TARDE', '24681357W', 8),
('2023-12-05', 'MAÑANA', '13579246Z', 9),
('2023-12-05', 'TARDE', '34567891V', 10),
('2023-12-06', 'MAÑANA', '12345678X', 1),
('2023-12-06', 'TARDE', '24681357W', 2),
('2023-12-07', 'MAÑANA', '87654321Y', 3),
('2023-12-07', 'TARDE', '13579246Z', 4),
('2023-12-08', 'MAÑANA', '34567891V', 5),
('2023-12-08', 'TARDE', '12345678X', 6),
('2023-12-09', 'MAÑANA', '87654321Y', 7),
('2023-12-09', 'TARDE', '24681357W', 8),
('2023-12-10', 'MAÑANA', '13579246Z', 9),
('2023-12-10', 'TARDE', '34567891V', 10);
